pos_v3;capa;sobre_original;contenido;fuente;autor;licencia;url
1;fondo duotono;1;fondo de la lámina 1;Clouds surround the rugged peaks of the Andes mountain range (iss074e0791058).jpg;NASA Johnson Space Center;Public domain;https://commons.wikimedia.org/wiki/File:Clouds_surround_the_rugged_peaks_of_the_Andes_mountain_range_(iss074e0791058).jpg
4;fondo duotono;4;fondo de la lámina 4;Looking down on Fourth of July Lake and the distant Sawtooths.jpg;Roy Luck;CC BY 2.0;https://commons.wikimedia.org/wiki/File:Looking_down_on_Fourth_of_July_Lake_and_the_distant_Sawtooths.jpg
5;fondo duotono;5;fondo de la lámina 5;Clouds Over the Southern Indian Ocean.jpg;NASA;Public domain;https://commons.wikimedia.org/wiki/File:Clouds_Over_the_Southern_Indian_Ocean.jpg
6;fondo duotono;6;fondo de la lámina 6;Cirrus Bands (8861168726).jpg;Nicholas A. Tonelli from Northeast Pennsylvania, USA;CC BY 2.0;https://commons.wikimedia.org/wiki/File:Cirrus_Bands_(8861168726).jpg
8;fondo duotono;8;fondo de la lámina 8;Smoke from 2016 Sam's Point wildfire over Shawangunks.jpg;Daniel Case;CC BY-SA 3.0;https://commons.wikimedia.org/wiki/File:Smoke_from_2016_Sam%27s_Point_wildfire_over_Shawangunks.jpg
9;fondo duotono;9;fondo de la lámina 9;Cirrus and Cumulus mediocris 7th Brigade Park Chermside L1040579.jpg;John Robert McPherson;CC BY-SA 4.0;https://commons.wikimedia.org/wiki/File:Cirrus_and_Cumulus_mediocris_7th_Brigade_Park_Chermside_L1040579.jpg
10;lámina fotográfica;9;Del planeta a la quebrada;Wildfire Smoke Plumes over Texas.JPG;ISS Expedition 28 crew;Public domain;https://commons.wikimedia.org/wiki/File:Wildfire_Smoke_Plumes_over_Texas.JPG
12;diagrama 3D;10;El mismo incendio, visto cuatro veces;NotebookLM (Gemini) sobre las fuentes del curso;CONAF / NotebookLM;generado;
14;lámina fotográfica;11;La escala sinoptica es la de los sistemas de presion de la carta: 1.00;Xynthia MODIS image 2010-02-27 lrg.jpg;NASA;Public domain;https://commons.wikimedia.org/wiki/File:Xynthia_MODIS_image_2010-02-27_lrg.jpg
16;lámina fotográfica;12;La escala donde vive el analista;Supercell with bell-bottom updraft.jpg;Rollingskyphoto;CC BY 4.0;https://commons.wikimedia.org/wiki/File:Supercell_with_bell-bottom_updraft.jpg
18;diagrama 3D;13;Se empieza arriba y se baja. Nunca al revés.;NotebookLM (Gemini) sobre las fuentes del curso;CONAF / NotebookLM;generado;
20;lámina fotográfica;14;La última fila es consecuencia, no causa;Portugal blaze ESA25039484.jpg;European Space Agency;Attribution;https://commons.wikimedia.org/wiki/File:Portugal_blaze_ESA25039484.jpg
22;lámina fotográfica;15;Lo que no cabe en la grilla;Flickr - Nicholas T - Road Less Traveled.jpg;Nicholas A. Tonelli from Pennsylvania, USA;CC BY 2.0;https://commons.wikimedia.org/wiki/File:Flickr_-_Nicholas_T_-_Road_Less_Traveled.jpg
25;lámina fotográfica;17;Ochocientos metros que el modelo no ve;Steep River Bend (54278806342).jpg;Eric Kilby from Somerville, MA, USA;CC BY-SA 2.0;https://commons.wikimedia.org/wiki/File:Steep_River_Bend_(54278806342).jpg
26;fondo duotono;18;fondo de la lámina 18;Cloudscape Over the Philippine Sea.jpg;NASA;Public domain;https://commons.wikimedia.org/wiki/File:Cloudscape_Over_the_Philippine_Sea.jpg
27;lámina fotográfica;18;"El pronostico dice que va a pasar; el analisis dice que sistema lo pro";Met dome on Kailasagiri.jpg;Drashokk;CC BY-SA 4.0;https://commons.wikimedia.org/wiki/File:Met_dome_on_Kailasagiri.jpg
28;fondo duotono;19;fondo de la lámina 19;Nubes de Kelvin-Helmholtz Kelvin-Helmholtz Clouds (40846169194).jpg;N O E L | F E A N S;CC BY 2.0;https://commons.wikimedia.org/wiki/File:Nubes_de_Kelvin-Helmholtz_Kelvin-Helmholtz_Clouds_(40846169194).jpg
29;lámina fotográfica;19;Tres fuerzas, y un hemisferio invertido;Cumulonimbus arcus über Panketal.jpg;Birkho;CC BY-SA 4.0;https://commons.wikimedia.org/wiki/File:Cumulonimbus_arcus_%C3%BCber_Panketal.jpg
33;lámina fotográfica;22;En superficie el viento cruza las isobaras;Wind swept pine - Killarney Provincial Park.JPG;Óðinn;CC BY-SA 2.5 ca;https://commons.wikimedia.org/wiki/File:Wind_swept_pine_-_Killarney_Provincial_Park.JPG
36;lámina fotográfica;24;El viento de todos los días;Clouds off Baja California (MODIS 2019-06-24).jpg;MODIS Land Rapid Response Team, NASA GSFC;Public domain;https://commons.wikimedia.org/wiki/File:Clouds_off_Baja_California_(MODIS_2019-06-24).jpg
38;lámina fotográfica;25;El eje este-oeste y la secuencia diaria no se invierten: el sol sigue ;Pilar solar detrás del Monte Aconcagua. Solar pillar behind Mount Aconcagua.png;Kinosmosis;CC BY-SA 4.0;https://commons.wikimedia.org/wiki/File:Pilar_solar_detr%C3%A1s_del_Monte_Aconcagua._Solar_pillar_behind_Mount_Aconcagua.png
39;fondo duotono;26;fondo de la lámina 26;Zagedan Lakes, Mountain cirque, Caucasus Mountains.jpg;Vyacheslav Argenberg;CC BY 4.0;https://commons.wikimedia.org/wiki/File:Zagedan_Lakes,_Mountain_cirque,_Caucasus_Mountains.jpg
41;lámina fotográfica;27;Una masa de aire es un volumen extenso y homogeneo en temperatura y hu;Open- and Closed-Cell Clouds over the Pacific Ocean (MODIS).jpg;MODIS Land Rapid Response Team, NASA GSFC;Public domain;https://commons.wikimedia.org/wiki/File:Open-_and_Closed-Cell_Clouds_over_the_Pacific_Ocean_(MODIS).jpg
45;lámina fotográfica;30;El borde entre dos masas de aire;Open- and Closed-Cell Clouds over the Pacific (MODIS 2022-08-29).jpg;MODIS Land Rapid Response Team, NASA GSFC;Public domain;https://commons.wikimedia.org/wiki/File:Open-_and_Closed-Cell_Clouds_over_the_Pacific_(MODIS_2022-08-29).jpg
47;fondo duotono;32;fondo de la lámina 32;Shelf cloud over Asprovalta.jpg;Neptuul;CC BY-SA 4.0;https://commons.wikimedia.org/wiki/File:Shelf_cloud_over_Asprovalta.jpg
48;fondo duotono;33;fondo de la lámina 33;Curving Dune Ridge (23991063297).jpg;Great Sand Dunes National Park and Preserve;Public domain;https://commons.wikimedia.org/wiki/File:Curving_Dune_Ridge_(23991063297).jpg
51;lámina fotográfica;35;El paso de un frente frío es un cambio brusco: el máximo de viento coi;Cold front.jpg;Wikimedia Commons;Public domain;https://commons.wikimedia.org/wiki/File:Cold_front.jpg
53;lámina fotográfica;36;La lluvia que no llega al suelo;Blue Lighting in the Desert 02.jpg;Digitalintuitive;CC BY-SA 4.0;https://commons.wikimedia.org/wiki/File:Blue_Lighting_in_the_Desert_02.jpg
54;fondo duotono;37;fondo de la lámina 37;Riiulpilv - Shelf cloud (2) copy.jpg;Kristian Pikner;CC BY-SA 4.0;https://commons.wikimedia.org/wiki/File:Riiulpilv_-_Shelf_cloud_(2)_copy.jpg
55;lámina fotográfica;37;El flanco largo se convierte en cabeza;DodgeSpringsFire-Colorado-JessHarvey-5181 (52260863144).jpg;Forest Service Photography;Public domain;https://commons.wikimedia.org/wiki/File:DodgeSpringsFire-Colorado-JessHarvey-5181_(52260863144).jpg
56;fondo duotono;38;fondo de la lámina 38;Khao Yai, Thailand, Tropical grasslands.jpg;Vyacheslav Argenberg;CC BY 4.0;https://commons.wikimedia.org/wiki/File:Khao_Yai,_Thailand,_Tropical_grasslands.jpg
57;lámina fotográfica;38;"Separador de bloque: la atmósfera no quema; fija la humedad del combus";2026-08-09 Eucalypt forest in Amoreira.jpg;Alexkom000;CC BY 4.0;https://commons.wikimedia.org/wiki/File:2026-08-09_Eucalypt_forest_in_Amoreira.jpg
59;lámina fotográfica;39;Misma agua, otra temperatura;Coachella Valley Sunrise.jpg;Tom Hilton;CC BY 2.0;https://commons.wikimedia.org/wiki/File:Coachella_Valley_Sunrise.jpg
61;lámina fotográfica;40;Las bases marcan el punto de rocío;Cumulus humilis - 39.jpg;Another one of my pictures: This photograph was taken by Medium69 (William Crochot) and released under the license stated below. You are free to use it for a;CC BY-SA 4.0;https://commons.wikimedia.org/wiki/File:Cumulus_humilis_-_39.jpg
63;fondo duotono;42;fondo de la lámina 42;Pahalgam Valley.jpg;KennyOMG;CC BY-SA 3.0;https://commons.wikimedia.org/wiki/File:Pahalgam_Valley.jpg
65;lámina fotográfica;43;No hace calor: llegó otro aire;View from Table Mountain Café.jpg;Ossewa;CC BY-SA 4.0;https://commons.wikimedia.org/wiki/File:View_from_Table_Mountain_Caf%C3%A9.jpg
67;lámina fotográfica;44;Con calor persistente bajo bloqueo no hay cambio de masa de aire que d;Desert Heat - Boron, California (48383673007).jpg;Janusz Sobolewski from Mississauga, Ontario, Canada;CC BY 2.0;https://commons.wikimedia.org/wiki/File:Desert_Heat_-_Boron,_California_(48383673007).jpg
69;lámina fotográfica;45;El combustible fino muerto —hojarasca, pasto seco, ramillas— responde ;Cured Cheat Grass in White Pine County, NV.JPG;Jrmichae;CC BY-SA 4.0;https://commons.wikimedia.org/wiki/File:Cured_Cheat_Grass_in_White_Pine_County,_NV.JPG
71;lámina fotográfica;46;Cada diámetro responde a su tiempo;Fuchsia excorticata leaf litter.jpg;Alexeyevitch;CC BY-SA 4.0;https://commons.wikimedia.org/wiki/File:Fuchsia_excorticata_leaf_litter.jpg
75;lámina fotográfica;49;La brasa enciende donde el fósforo no;Embers 01.JPG;Jens Buurgaard Nielsen;Public domain;https://commons.wikimedia.org/wiki/File:Embers_01.JPG
77;lámina fotográfica;50;En Chile la solana mira al norte;Mount Murongole at Sunset.jpg;Timothy Akolamazima;CC BY-SA 4.0;https://commons.wikimedia.org/wiki/File:Mount_Murongole_at_Sunset.jpg
79;lámina fotográfica;51;La intensidad de Byram es energía liberada por unidad de tiempo y por ;Vandenberg Trains for Wildfires (9145846).jpg;U.S. Space Force photo by Staff Sgt. Joshua LeRoi;Public domain;https://commons.wikimedia.org/wiki/File:Vandenberg_Trains_for_Wildfires_(9145846).jpg
82;lámina fotográfica;53;Byram no cuenta la brasa;Peat fire in Selangor, Malaysia on 5 June 2013.JPG;Tan Yi Han;CC BY-SA 3.0;https://commons.wikimedia.org/wiki/File:Peat_fire_in_Selangor,_Malaysia_on_5_June_2013.JPG
85;lámina fotográfica;55;Con viento la llama se tumba;Freeway Complex Fire.jpg;Bluedv;CC BY 3.0;https://commons.wikimedia.org/wiki/File:Freeway_Complex_Fire.jpg
86;fondo duotono;56;fondo de la lámina 56;Mount Etna smoke plumes ESA23245324.jpeg;European Space Agency;Attribution;https://commons.wikimedia.org/wiki/File:Mount_Etna_smoke_plumes_ESA23245324.jpeg
88;lámina fotográfica;57;La regla chilena 30-30-30 combina humedad relativa, temperatura y vien;My Public Lands Roadtrip- Remote Automated Weather Stations (20912441941).jpg;mypubliclands;Public domain;https://commons.wikimedia.org/wiki/File:My_Public_Lands_Roadtrip-_Remote_Automated_Weather_Stations_(20912441941).jpg
90;lámina fotográfica;58;Sirve para levantar la mano;Red flag warning.JPG;Jeffrey Beall;CC BY 4.0;https://commons.wikimedia.org/wiki/File:Red_flag_warning.JPG
92;diagrama 3D;59;Una décima parte del viento medido a 10 metros;NotebookLM (Gemini) sobre las fuentes del curso;CONAF / NotebookLM;generado;
93;fondo duotono;60;fondo de la lámina 60;Sunset in steppe, Rostov-on-Don, Russia.jpg;Vyacheslav Argenberg;CC BY 4.0;https://commons.wikimedia.org/wiki/File:Sunset_in_steppe,_Rostov-on-Don,_Russia.jpg
95;lámina fotográfica;61;Bajo el dosel el viento no llega;Canopy cover above forest road JEG3081.jpg;PJeganathan;CC BY-SA 4.0;https://commons.wikimedia.org/wiki/File:Canopy_cover_above_forest_road_JEG3081.jpg
97;lámina fotográfica;62;Cuando el incendio pasa a estar dominado por su propia columna, el ava;Pyrocumulus cloud produced by the Dixie Fire on July 22-5865.jpg;Frank Schulenburg;CC BY-SA 4.0;https://commons.wikimedia.org/wiki/File:Pyrocumulus_cloud_produced_by_the_Dixie_Fire_on_July_22-5865.jpg
98;fondo duotono;63;fondo de la lámina 63;Sossusvlei Dune Rippled cropped.jpg;Daniel Kraft;CC BY-SA 3.0;https://commons.wikimedia.org/wiki/File:Sossusvlei_Dune_Rippled_cropped.jpg
99;fondo duotono;64;fondo de la lámina 64;Coarse woody debris 6407.JPG;Walter Siegmund (talk);CC BY-SA 3.0;https://commons.wikimedia.org/wiki/File:Coarse_woody_debris_6407.JPG
100;lámina fotográfica;64;La intensidad decide el ataque;Fighting fire from the air- helitack - 52345747871.jpg;BLM Oregon & Washington;CC BY 2.0;https://commons.wikimedia.org/wiki/File:Fighting_fire_from_the_air-_helitack_-_52345747871.jpg
101;fondo duotono;65;fondo de la lámina 65;Mountains clouds Mekong and dwellings from Mount Phou Si at sunrise in Luang Prabang Laos.jpg;Basile Morin;CC BY-SA 4.0;https://commons.wikimedia.org/wiki/File:Mountains_clouds_Mekong_and_dwellings_from_Mount_Phou_Si_at_sunrise_in_Luang_Prabang_Laos.jpg
102;lámina fotográfica;65;BLOQUE Los mapas: el sistema que gobierna un episodio no se ve desde e;Africa from low orbiting satellite Suomi NPP.jpg;NASA/NOAA;Public domain;https://commons.wikimedia.org/wiki/File:Africa_from_low_orbiting_satellite_Suomi_NPP.jpg
103;fondo duotono;66;fondo de la lámina 66;Blue haze over wooded slopes (Unsplash).jpg;Greg Rakozy grakozy;CC0;https://commons.wikimedia.org/wiki/File:Blue_haze_over_wooded_slopes_(Unsplash).jpg
105;fondo duotono;68;fondo de la lámina 68;Oratunturi central summit from the west in midnight, Sodankylä, Lapland, Finland, 2019 June.jpg;Ximonic (Simo Räsänen);CC BY-SA 3.0;https://commons.wikimedia.org/wiki/File:Oratunturi_central_summit_from_the_west_in_midnight,_Sodankyl%C3%A4,_Lapland,_Finland,_2019_June.jpg
109;lámina fotográfica;71;Es el producto, no la causa;Spectacular clouds off of Madagascar (MODIS 2020-08-08).jpg;MODIS Land Rapid Response Team, NASA GSFC;Public domain;https://commons.wikimedia.org/wiki/File:Spectacular_clouds_off_of_Madagascar_(MODIS_2020-08-08).jpg
111;diagrama 3D;72;Cada nivel responde una pregunta distinta;NotebookLM (Gemini) sobre las fuentes del curso;CONAF / NotebookLM;generado;
113;lámina fotográfica;73;Aquí el 850 hPa es roca;Snow Comes to the Atacama Desert.jpg;ESO/S. Guisard;CC BY 4.0;https://commons.wikimedia.org/wiki/File:Snow_Comes_to_the_Atacama_Desert.jpg
116;lámina fotográfica;75;El embudo es un orden de pantallas;National Weather Service - Flagstaff (5456283079).jpg;Bill Morrow;CC BY 2.0;https://commons.wikimedia.org/wiki/File:National_Weather_Service_-_Flagstaff_(5456283079).jpg
120;lámina fotográfica;78;Sume los trazos, no mire el lado;Cirrus uncinus clouds in the morning sky.jpg;ADARSHluck;CC BY-SA 4.0;https://commons.wikimedia.org/wiki/File:Cirrus_uncinus_clouds_in_the_morning_sky.jpg
122;lámina fotográfica;79;La corriente en chorro es una banda estrecha de viento muy intenso en ;Cirrus stream over Melbourne CBD (4838023810).jpg;Travellers travel photobook from Melbourne, Australia, Australia;CC BY 2.0;https://commons.wikimedia.org/wiki/File:Cirrus_stream_over_Melbourne_CBD_(4838023810).jpg
124;fondo duotono;81;fondo de la lámina 81;Cirrus front over Austnesfjorden, Austvågøya, Lofoten, Norway, 2015 April.jpg;Ximonic (Simo Räsänen);CC BY-SA 3.0;https://commons.wikimedia.org/wiki/File:Cirrus_front_over_Austnesfjorden,_Austv%C3%A5g%C3%B8ya,_Lofoten,_Norway,_2015_April.jpg
126;lámina fotográfica;82;El oeste no descansa en verano;Morning on the Patagonian Steppe.jpg;Remarksman;CC BY 2.0;https://commons.wikimedia.org/wiki/File:Morning_on_the_Patagonian_Steppe.jpg
127;fondo duotono;83;fondo de la lámina 83;Cirrus fibratus intortus über Limburg.jpg;GerritR;CC BY-SA 4.0;https://commons.wikimedia.org/wiki/File:Cirrus_fibratus_intortus_%C3%BCber_Limburg.jpg
128;fondo duotono;84;fondo de la lámina 84;Layered mountains at sunset near Castelrotto.jpg;Eric Kilby;CC BY-SA 2.0;https://commons.wikimedia.org/wiki/File:Layered_mountains_at_sunset_near_Castelrotto.jpg
129;lámina fotográfica;84;Sin el sistema no hay proyección;Powerful Tropical Cyclone Freddy crossing the Indian Ocean (MODIS).jpg;MODIS Land Rapid Response Team, NASA GSFC;Public domain;https://commons.wikimedia.org/wiki/File:Powerful_Tropical_Cyclone_Freddy_crossing_the_Indian_Ocean_(MODIS).jpg
130;fondo duotono;85;fondo de la lámina 85;Lenticular clouds over Titlis, Switzerland.jpg;Jan Remund;CC BY 2.0;https://commons.wikimedia.org/wiki/File:Lenticular_clouds_over_Titlis,_Switzerland.jpg
131;lámina fotográfica;85;Apertura de bloque: el catalogo de los sistemas que efectivamente prod;Atardecer rosado, puesta de sol en Santiago, Chile con el telón de la Cordillera de los Andes nevado.jpg;Nbendersky;CC BY-SA 4.0;https://commons.wikimedia.org/wiki/File:Atardecer_rosado,_puesta_de_sol_en_Santiago,_Chile_con_el_tel%C3%B3n_de_la_Cordillera_de_los_Andes_nevado.jpg
133;lámina fotográfica;86;Somera, cálida y pegada a la costa;"Satellite Shows West Coast ""June Gloom"" and Actinoform clouds (9009302654).jpg";NASA Goddard Space Flight Center from Greenbelt, MD, USA;Public domain;https://commons.wikimedia.org/wiki/File:Satellite_Shows_West_Coast_%22June_Gloom%22_and_Actinoform_clouds_(9009302654).jpg
135;lámina fotográfica;87;El aire desciende y se calienta;Chinook Arch - panoramio (1).jpg;Jack Borno;CC BY-SA 3.0;https://commons.wikimedia.org/wiki/File:Chinook_Arch_-_panoramio_(1).jpg
137;diagrama 3D;88;Lo que quema no viene del mar;NotebookLM (Gemini) sobre las fuentes del curso;CONAF / NotebookLM;generado;
138;fondo duotono;89;fondo de la lámina 89;Mountain view in Robson valley.jpg;Jakub Fryš (talk · contribs);CC BY-SA 4.0;https://commons.wikimedia.org/wiki/File:Mountain_view_in_Robson_valley.jpg
142;lámina fotográfica;92;El mecanismo se ve, el dato falta;Volcano Plume Continues Blowing East Over Argentina to Atlantic Ocean (5833561366).jpg;NASA Goddard Space Flight Center from Greenbelt, MD, USA;Public domain;https://commons.wikimedia.org/wiki/File:Volcano_Plume_Continues_Blowing_East_Over_Argentina_to_Atlantic_Ocean_(5833561366).jpg
145;lámina fotográfica;94;La ventana critica es el periodo en que el incendio queda fuera de la ;River Road East Fire- Smoke Column (53798055430).jpg;Forest Service - Northern Region;Public domain;https://commons.wikimedia.org/wiki/File:River_Road_East_Fire-_Smoke_Column_(53798055430).jpg
148;lámina fotográfica;96;La senal de cierre es el retorno de la capa limite marina: nubosidad b;Large-scale Fractal Motion of Clouds (5638320696).jpg;NASA Goddard Space Flight Center from Greenbelt, MD, USA;CC BY 2.0;https://commons.wikimedia.org/wiki/File:Large-scale_Fractal_Motion_of_Clouds_(5638320696).jpg
150;lámina fotográfica;97;El bloqueo no cierra la ventana;Smoke and Fire in Eastern Asia (MODIS 2022-04-21).jpg;MODIS Land Rapid Response Team, NASA GSFC;Public domain;https://commons.wikimedia.org/wiki/File:Smoke_and_Fire_in_Eastern_Asia_(MODIS_2022-04-21).jpg
151;fondo duotono;98;fondo de la lámina 98;Coastal road to Gatbawi.jpg;Meloncookie;CC BY-SA 4.0;https://commons.wikimedia.org/wiki/File:Coastal_road_to_Gatbawi.jpg
152;lámina fotográfica;98;El regreso de la capa marina;Clouds off Peru (MODIS 2022-08-01).jpg;MODIS Land Rapid Response Team, NASA GSFC;Public domain;https://commons.wikimedia.org/wiki/File:Clouds_off_Peru_(MODIS_2022-08-01).jpg
153;fondo duotono;99;fondo de la lámina 99;Dalabadet - Blowing in the wind (24281841944).jpg;Susanne Nilsson;CC BY-SA 2.0;https://commons.wikimedia.org/wiki/File:Dalabadet_-_Blowing_in_the_wind_(24281841944).jpg
154;lámina fotográfica;99;El viento que empuja la llama;Prescribed burn of marsh grasses showing heavy plant growth with flames and smoke.jpg;David Menke;Public domain;https://commons.wikimedia.org/wiki/File:Prescribed_burn_of_marsh_grasses_showing_heavy_plant_growth_with_flames_and_smoke.jpg
156;diagrama 3D;100;Del meteograma al frente de llama;NotebookLM (Gemini) sobre las fuentes del curso;CONAF / NotebookLM;generado;
159;lámina fotográfica;102;El mismo instrumento, dos cifras;Wind Indicator at Godavari Tank Bund.JPG;Vivek rachuri;CC BY-SA 3.0;https://commons.wikimedia.org/wiki/File:Wind_Indicator_at_Godavari_Tank_Bund.JPG
161;lámina fotográfica;103;El viento que entra al modelo de Rothermel es el de la altura de la mi;Mapping Fire’s Spread in a Georgia Pine Burn (154549 - fortstewarthelicopter 202504 lrg).jpg;NASA Earth Observatory images annotated by Lauren Dauphin using AVIRIS-3 data via the AVIRIS Data Portal AVIRIS Data Portal. Photos by Milan Loiacono/NASA’s Ame;Public domain;https://commons.wikimedia.org/wiki/File:Mapping_Fire%E2%80%99s_Spread_in_a_Georgia_Pine_Burn_(154549_-_fortstewarthelicopter_202504_lrg).jpg
163;lámina fotográfica;104;Bajo dosel cerrado, la sexta parte;Stand re-initiation of shade-tolerant spruce and fir beneath a closed canopy of lodgepole pine. LP2 cover type where the forest (9a4615fe-7c25-4666-b713-d2046774e24d).jpg;NPS;Public domain;https://commons.wikimedia.org/wiki/File:Stand_re-initiation_of_shade-tolerant_spruce_and_fir_beneath_a_closed_canopy_of_lodgepole_pine._LP2_cover_type_where_the_forest_(9a4615fe-7c25-4666-b713-d2046774e24d).jpg
165;lámina fotográfica;105;El viento efectivo integra viento a media llama y pendiente, y gobiern;NASA spies wildfires running amok in California (37367420790).jpg;NASA Goddard Space Flight Center from Greenbelt, MD, USA;CC BY 2.0;https://commons.wikimedia.org/wiki/File:NASA_spies_wildfires_running_amok_in_California_(37367420790).jpg
167;lámina fotográfica;106;Aquí el modelo deja de responder;Extreme Fire in New South Wales (MODIS 2023-12-19).jpg;MODIS Land Rapid Response Team, NASA GSFC;Public domain;https://commons.wikimedia.org/wiki/File:Extreme_Fire_in_New_South_Wales_(MODIS_2023-12-19).jpg
168;fondo duotono;107;fondo de la lámina 107;Breaking waves, Sète cf03.jpg;Christian Ferrer;CC BY 4.0;https://commons.wikimedia.org/wiki/File:Breaking_waves,_S%C3%A8te_cf03.jpg
170;lámina fotográfica;108;Sin viento, la pendiente manda;2018 06 20-14.19.51.436-CDT.jpg;Bureau of Land Management;Public domain;https://commons.wikimedia.org/wiki/File:2018_06_20-14.19.51.436-CDT.jpg
172;lámina fotográfica;109;Vientos anabático y catabático de ladera, y el sistema mayor de valle:;Barèges 65 Près-Dets Coubous 2012.jpg;JLPC;CC BY-SA 3.0;https://commons.wikimedia.org/wiki/File:Bar%C3%A8ges_65_Pr%C3%A8s-Dets_Coubous_2012.jpg
175;diagrama 3D;111;El día, la noche y las dos transiciones;NotebookLM (Gemini) sobre las fuentes del curso;CONAF / NotebookLM;generado;
177;lámina fotográfica;112;Al atardecer el aire baja;Fires and Smoke in Southeast Asia (MODIS).jpg;MODIS Land Rapid Response Team, NASA GSFC;Public domain;https://commons.wikimedia.org/wiki/File:Fires_and_Smoke_in_Southeast_Asia_(MODIS).jpg
179;lámina fotográfica;113;Onda de montaña y rotor: el aire estable forzado sobre la barrera osci;Stacked formation of lenticular clouds - NOAA.jpg;Wikimedia Commons;Public domain;https://commons.wikimedia.org/wiki/File:Stacked_formation_of_lenticular_clouds_-_NOAA.jpg
181;diagrama 3D;114;Onda de montaña, rotor y viento descendente;NotebookLM (Gemini) sobre las fuentes del curso;CONAF / NotebookLM;generado;
185;lámina fotográfica;117;Puelche y Raco: el mismo mecanismo;Nubes lentiformes (29976427793).jpg;Patricio Novoa Quezada from Valparaíso, Chile;CC BY 2.0;https://commons.wikimedia.org/wiki/File:Nubes_lentiformes_(29976427793).jpg
187;lámina fotográfica;118;El viento se desacopla del suelo;Star trail in Rishikesh.jpg;Navneet Sharma;CC BY-SA 4.0;https://commons.wikimedia.org/wiki/File:Star_trail_in_Rishikesh.jpg
189;lámina fotográfica;119;La actividad nocturna que no debía ocurrir;California Brush Fire night.jpg;Russ Allison Loar;CC BY-SA 4.0;https://commons.wikimedia.org/wiki/File:California_Brush_Fire_night.jpg
191;lámina fotográfica;120;El jet costero es otro mecanismo;Wave Clouds behind Amsterdam Island.jpg;NASA Goddard Photo and Video;CC BY 2.0;https://commons.wikimedia.org/wiki/File:Wave_Clouds_behind_Amsterdam_Island.jpg
193;diagrama 3D;121;Lo que decide dónde caen las pavesas;NotebookLM (Gemini) sobre las fuentes del curso;CONAF / NotebookLM;generado;
195;fondo duotono;123;fondo de la lámina 123;Smoke plume through the trees Milepost 97 Fire July 29, 2019 (48409183822).jpg;Oregon Department of Transportation;CC BY 2.0;https://commons.wikimedia.org/wiki/File:Smoke_plume_through_the_trees_Milepost_97_Fire_July_29,_2019_(48409183822).jpg
196;fondo duotono;124;fondo de la lámina 124;Dunes, Désert du Thar.jpg;Clément Bardot;CC BY-SA 4.0;https://commons.wikimedia.org/wiki/File:Dunes,_D%C3%A9sert_du_Thar.jpg
197;lámina fotográfica;124;El número depende de dónde se mide;Equipment on this tower monitors meteorological conditions, more commonly known as the weather. It is important to have a good (8188a8d7-85e9-4892-8191-3388b95b84a2).jpg;Mary O'Neill;Public domain;https://commons.wikimedia.org/wiki/File:Equipment_on_this_tower_monitors_meteorological_conditions,_more_commonly_known_as_the_weather._It_is_important_to_have_a_good_(8188a8d7-85e9-4892-8191-3388b95b84a2).jpg
198;fondo duotono;125;fondo de la lámina 125;Mailbox under altocumulus clouds.jpg;W.carter;CC0;https://commons.wikimedia.org/wiki/File:Mailbox_under_altocumulus_clouds.jpg
199;lámina fotográfica;125;Separador de bloque: el repertorio completo de situaciones. Ningun ana;Caribbean sunrise and dramatic cloudscape.jpg;ImagePerson;CC BY 4.0;https://commons.wikimedia.org/wiki/File:Caribbean_sunrise_and_dramatic_cloudscape.jpg
200;fondo duotono;126;fondo de la lámina 126;Pine Plantation Trail 4227.jpg;Chris Light;CC BY-SA 4.0;https://commons.wikimedia.org/wiki/File:Pine_Plantation_Trail_4227.jpg
203;lámina fotográfica;128;El pavesado como diagnostico sin instrumentos: en un incendio dominado;Knisternd.JPG;Hans;CC BY-SA 4.0;https://commons.wikimedia.org/wiki/File:Knisternd.JPG
205;lámina fotográfica;129;El mismo incendio cambia de tipología;Russia TMO 2010216 lrg.jpg;Jeff Schmaltz;Public domain;https://commons.wikimedia.org/wiki/File:Russia_TMO_2010216_lrg.jpg
211;lámina fotográfica;134;En la estepa el viento no cesa;Altocumulus stratiformis, am Rand in Altocumulus lenticularis übergehend.jpg;GerritR;CC BY-SA 4.0;https://commons.wikimedia.org/wiki/File:Altocumulus_stratiformis,_am_Rand_in_Altocumulus_lenticularis_%C3%BCbergehend.jpg
213;lámina fotográfica;135;Fuego sin llama, bajo tierra, durante meses;Peatland Forest fires.jpg;Muhammad Pasya Ramadhan;CC BY-SA 4.0;https://commons.wikimedia.org/wiki/File:Peatland_Forest_fires.jpg
216;lámina fotográfica;137;"El mecanismo existe; el registro no";Dust storm over the Mediterranean Sea (MODIS 2016-05-16).jpg;Jeff Schmaltz, MODIS Land Rapid Response Team, NASA GSFC;Public domain;https://commons.wikimedia.org/wiki/File:Dust_storm_over_the_Mediterranean_Sea_(MODIS_2016-05-16).jpg
219;fondo duotono;140;fondo de la lámina 140;海岸山脈野生動物重要棲息環境＋HUALIAN+by Steven+555593997.jpg;Steven19980503;CC BY-SA 4.0;https://commons.wikimedia.org/wiki/File:%E6%B5%B7%E5%B2%B8%E5%B1%B1%E8%84%88%E9%87%8E%E7%94%9F%E5%8B%95%E7%89%A9%E9%87%8D%E8%A6%81%E6%A3%B2%E6%81%AF%E7%92%B0%E5%A2%83%EF%BC%8BHUALIAN%2Bby_Steven%2B555593997.jpg
221;lámina fotográfica;141;La misma situacion sinoptica se comporta distinto en cada territorio: ;Smoke plumes from the August Complex and other fires filling valleys, California, USA - September 4th, 2020 (50308264506).jpg;Pierre Markuse from Hamm, Germany;CC BY 2.0;https://commons.wikimedia.org/wiki/File:Smoke_plumes_from_the_August_Complex_and_other_fires_filling_valleys,_California,_USA_-_September_4th,_2020_(50308264506).jpg
222;fondo duotono;142;fondo de la lámina 142;Dramatic clouds at dusk, prior to a big storm - panoramio.jpg;OldYorkGuy;CC BY-SA 3.0;https://commons.wikimedia.org/wiki/File:Dramatic_clouds_at_dusk,_prior_to_a_big_storm_-_panoramio.jpg
223;fondo duotono;143;fondo de la lámina 143;Blue ridge Mountains layered.jpg;Pdekyvere;CC BY-SA 4.0;https://commons.wikimedia.org/wiki/File:Blue_ridge_Mountains_layered.jpg
224;lámina fotográfica;143;No es un solo país de incendios;Andes Cordillera, Chile.jpg;Coordenação-Geral de Observação da Terra/INPE;CC BY-SA 2.0;https://commons.wikimedia.org/wiki/File:Andes_Cordillera,_Chile.jpg
225;fondo duotono;144;fondo de la lámina 144;2016 Chmura Cumulus congestus 02.jpg;Jacek Halicki;CC BY-SA 4.0;https://commons.wikimedia.org/wiki/File:2016_Chmura_Cumulus_congestus_02.jpg
226;lámina fotográfica;144;La atmosfera tiene estructura vertical y el fuego, cuando se pone seri;Cumulonimbus cloud over the Sundarbans, West Bengal, India 02.jpg;Kingshuk Mondal;CC BY 4.0;https://commons.wikimedia.org/wiki/File:Cumulonimbus_cloud_over_the_Sundarbans,_West_Bengal,_India_02.jpg
230;lámina fotográfica;147;Cada torre es una burbuja que subió;Cloud capped (33658161420).jpg;Christian Collins from Midland, MI, United States;CC BY-SA 2.0;https://commons.wikimedia.org/wiki/File:Cloud_capped_(33658161420).jpg
233;lámina fotográfica;149;La atmósfera viene en capas;Clouds timestack.jpg;John Fowler from Placitas, NM, USA;CC BY 2.0;https://commons.wikimedia.org/wiki/File:Clouds_timestack.jpg
238;lámina fotográfica;153;Cuatro sondeos para todo el país;Radiosondes launch.jpg;Tsaud;CC BY-SA 4.0;https://commons.wikimedia.org/wiki/File:Radiosondes_launch.jpg
240;lámina fotográfica;154;"CAPE es la energia que la columna puede convertir en ascenso; CIN es l";Cumulonimbus cloud over Africa.jpg;NASA;Public domain;https://commons.wikimedia.org/wiki/File:Cumulonimbus_cloud_over_Africa.jpg
242;lámina fotográfica;155;La tapa aguanta hasta que se rompe;Cumulus stratocumulus.JPG;Janne Naukkarinen;Public domain;https://commons.wikimedia.org/wiki/File:Cumulus_stratocumulus.JPG
246;lámina fotográfica;158;Hasta dónde sube y hacia dónde va;Wildfire in Yellowstone National Park produces Pyrocumulus clouds1.jpg;Brocken Inaglory;CC BY-SA 3.0;https://commons.wikimedia.org/wiki/File:Wildfire_in_Yellowstone_National_Park_produces_Pyrocumulus_clouds1.jpg
247;fondo duotono;159;fondo de la lámina 159;Aerosol Haze over Uzkbekistan (MODIS 2025-03-15).jpg;MODIS Land Rapid Response Team, NASA GSFC;Public domain;https://commons.wikimedia.org/wiki/File:Aerosol_Haze_over_Uzkbekistan_(MODIS_2025-03-15).jpg
250;lámina fotográfica;161;El incendio perfora la tapa;Pyrocumulus cloud, Beaver complex fire 2014.jpg;James Haseltine, Oregon Air National Guard;Public domain;https://commons.wikimedia.org/wiki/File:Pyrocumulus_cloud,_Beaver_complex_fire_2014.jpg
252;lámina fotográfica;162;La lluvia se evapora antes de llegar;Florescent cloud blanket.jpg;Jessie Eastland;CC BY-SA 4.0;https://commons.wikimedia.org/wiki/File:Florescent_cloud_blanket.jpg
253;fondo duotono;163;fondo de la lámina 163;Cloud taken in springtime.jpg;Sally V;CC BY-SA 4.0;https://commons.wikimedia.org/wiki/File:Cloud_taken_in_springtime.jpg
254;fondo duotono;164;fondo de la lámina 164;004 2018 05 14 Extremes Wetter.jpg;Friedrich Haag;CC BY-SA 4.0;https://commons.wikimedia.org/wiki/File:004_2018_05_14_Extremes_Wetter.jpg
256;lámina fotográfica;165;La ignicion por rayo depende de si la tormenta es seca o con agua, y e;Lightning strike over the Danube (Budapest, Hungary).jpg;Jules Verne Times Two;CC BY-SA 4.0;https://commons.wikimedia.org/wiki/File:Lightning_strike_over_the_Danube_(Budapest,_Hungary).jpg
258;lámina fotográfica;166;El sondeo es de un solo lugar;Метеорологиня Валентина Гарбарчук запускає радіозонд.jpg;Oleksandr Bogomaz;CC BY-SA 4.0;https://commons.wikimedia.org/wiki/File:%D0%9C%D0%B5%D1%82%D0%B5%D0%BE%D1%80%D0%BE%D0%BB%D0%BE%D0%B3%D0%B8%D0%BD%D1%8F_%D0%92%D0%B0%D0%BB%D0%B5%D0%BD%D1%82%D0%B8%D0%BD%D0%B0_%D0%93%D0%B0%D1%80%D0%B1%D0%B0%D1%80%D1%87%D1%83%D0%BA_%D0%B7%D0%B0%D0%BF%D1%83%D1%81%D0%BA%D0%B0%D1%94_%D1%80%D0%B0%D0%B4%D1%96%D0%BE%D0%B7%D0%BE%D0%BD%D0%B4.jpg
259;fondo duotono;167;fondo de la lámina 167;Cloud layers – Panorama (Greg Zaal via Poly Haven).jpg;Greg Zaal;CC0;https://commons.wikimedia.org/wiki/File:Cloud_layers_%E2%80%93_Panorama_(Greg_Zaal_via_Poly_Haven).jpg
260;fondo duotono;168;fondo de la lámina 168;Riga tower with some towering cumulus clouds (10758929625).jpg;Jeroen Komen from Utrecht, Netherlands;CC BY-SA 2.0;https://commons.wikimedia.org/wiki/File:Riga_tower_with_some_towering_cumulus_clouds_(10758929625).jpg
261;lámina fotográfica;168;Un sondeo bien leido entrega dos cifras: hasta donde sube la columna y;2009 Victorian bushfires smoke plume over NZ.jpg;Jeff Schmaltz, MODIS Land Rapid Response Team, NASA GSFC;Public domain;https://commons.wikimedia.org/wiki/File:2009_Victorian_bushfires_smoke_plume_over_NZ.jpg
262;fondo duotono;169;fondo de la lámina 169;Smoke column from Mangum Fire as seen from Fredonia High School.jpg;Kaibab National Forest, Arizona;Public domain;https://commons.wikimedia.org/wiki/File:Smoke_column_from_Mangum_Fire_as_seen_from_Fredonia_High_School.jpg
263;lámina fotográfica;169;Aquí el incendio hace su propio tiempo;Pyrocumulonimbus over Victoria.jpg;Merrin Macleod;CC BY-SA 4.0;https://commons.wikimedia.org/wiki/File:Pyrocumulonimbus_over_Victoria.jpg
265;lámina fotográfica;170;El humo que se convierte en nube;Detail of pyrocumulonimbus.jpg;Merrin Macleod;CC BY-SA 4.0;https://commons.wikimedia.org/wiki/File:Detail_of_pyrocumulonimbus.jpg
267;fondo duotono;172;fondo de la lámina 172;Turbulent sku with mammatus clouds.JPG;Brocken Inaglory;CC BY-SA 3.0;https://commons.wikimedia.org/wiki/File:Turbulent_sku_with_mammatus_clouds.JPG
269;fondo duotono;174;fondo de la lámina 174;Cumulus congestus mit Hufeiesenwirbel bzw. horseshoe vortex.jpg;GerritR;CC BY-SA 4.0;https://commons.wikimedia.org/wiki/File:Cumulus_congestus_mit_Hufeiesenwirbel_bzw._horseshoe_vortex.jpg
272;lámina fotográfica;176;La atmósfera decide hasta dónde sube;Smoke column - High Park Wildfire.jpg;U.S. Department of Agriculture;Public domain;https://commons.wikimedia.org/wiki/File:Smoke_column_-_High_Park_Wildfire.jpg
276;diagrama 3D;179;Cuatro tipologías de columna, y lo que anuncia cada una.;NotebookLM (Gemini) sobre las fuentes del curso;CONAF / NotebookLM;generado;
279;lámina fotográfica;181;"La pavesa viaja con el viento del nivel donde la columna la solto; una";Smoke Column - Mangum Fire.jpg;Kaibab National Forest, Arizona;Public domain;https://commons.wikimedia.org/wiki/File:Smoke_Column_-_Mangum_Fire.jpg
281;lámina fotográfica;182;La brasa enciende donde la llama no;Smoldering heap.jpg;A1000 (talk) 11:07, 13 April 2021 (UTC);CC0;https://commons.wikimedia.org/wiki/File:Smoldering_heap.jpg
283;lámina fotográfica;183;El reventon es una corriente descendente convectiva que golpea el suel;2014-07-20 14 59 08 Blowing dust along the outflow boundary of a thunderstorm in Elko, Nevada.JPG;Famartin;CC BY-SA 4.0;https://commons.wikimedia.org/wiki/File:2014-07-20_14_59_08_Blowing_dust_along_the_outflow_boundary_of_a_thunderstorm_in_Elko,_Nevada.JPG
284;fondo duotono;184;fondo de la lámina 184;Cumulonimbus incus over Warsaw, Poland.jpg;Kamil Nowacki;CC BY-SA 4.0;https://commons.wikimedia.org/wiki/File:Cumulonimbus_incus_over_Warsaw,_Poland.jpg
285;fondo duotono;185;fondo de la lámina 185;A distant thunderstorm - panoramio.jpg;Axel Schnell;CC BY-SA 3.0;https://commons.wikimedia.org/wiki/File:A_distant_thunderstorm_-_panoramio.jpg
287;diagrama 3D;186;De dónde viene el viento que no da aviso;NotebookLM (Gemini) sobre las fuentes del curso;CONAF / NotebookLM;generado;
291;lámina fotográfica;189;No se reposiciona: se sale antes;Haboob Ransom Canyon Texas 2009.jpg;Leaflet;CC BY-SA 3.0;https://commons.wikimedia.org/wiki/File:Haboob_Ransom_Canyon_Texas_2009.jpg
293;diagrama 3D;190;Cinco nubes, y lo que anuncia cada una;NotebookLM (Gemini) sobre las fuentes del curso;CONAF / NotebookLM;generado;
295;lámina fotográfica;191;La nubosidad sobre el incendio es un instrumento en tiempo real, y hay;Cumulus pileus.jpg;Dhaluza;CC BY 2.5;https://commons.wikimedia.org/wiki/File:Cumulus_pileus.jpg
296;fondo duotono;192;fondo de la lámina 192;Dusty Inferno Hits Oklahoma (MODIS 2025-03-18).jpg;MODIS Land Rapid Response Team, NASA GSFC;Public domain;https://commons.wikimedia.org/wiki/File:Dusty_Inferno_Hits_Oklahoma_(MODIS_2025-03-18).jpg
297;fondo duotono;193;fondo de la lámina 193;Mosquito Fire 2022-09-08 PM 2.jpg;Cal Fire;Public domain;https://commons.wikimedia.org/wiki/File:Mosquito_Fire_2022-09-08_PM_2.jpg
298;lámina fotográfica;193;Cuando deja de inclinarse, cambió la etapa;Massive Plume of Smoke from an Eruption at Kīlauea (Colorized) (c77f6dba-ef3e-45cb-877c-47b919f9ee6a).tif;Maehara, Kenichi - The Volcano Photo Studio;Public domain;https://commons.wikimedia.org/wiki/File:Massive_Plume_of_Smoke_from_an_Eruption_at_K%C4%ABlauea_(Colorized)_(c77f6dba-ef3e-45cb-877c-47b919f9ee6a).tif
299;fondo duotono;194;fondo de la lámina 194;HorizontalConvectiveRollsClouds1.jpg;Rollcloud;CC BY 2.5;https://commons.wikimedia.org/wiki/File:HorizontalConvectiveRollsClouds1.jpg
300;lámina fotográfica;194;Todo índice empieza en una medición;Smoke and Fire near Santiago, Chile (MODIS).jpg;MODIS Land Rapid Response Team, NASA GSFC;Public domain;https://commons.wikimedia.org/wiki/File:Smoke_and_Fire_near_Santiago,_Chile_(MODIS).jpg
301;fondo duotono;195;fondo de la lámina 195;A rocky hillside at Cimarron National Grassland (2ed019ae3718431c9540c29bcb584e19).JPG;National Trails Office (US National Park Service);Public domain;https://commons.wikimedia.org/wiki/File:A_rocky_hillside_at_Cimarron_National_Grassland_(2ed019ae3718431c9540c29bcb584e19).JPG
303;lámina fotográfica;196;Los indicadores operativos de CONAF, probabilidad de ignicion y humeda;Sheyenne National Grassland in Summer, North Dakota (51903738184).jpg;Forest Service - Northern Region;Public domain;https://commons.wikimedia.org/wiki/File:Sheyenne_National_Grassland_in_Summer,_North_Dakota_(51903738184).jpg
304;fondo duotono;197;fondo de la lámina 197;Green grass texture (Unsplash).jpg;Marc Wilnauer wk25;CC0;https://commons.wikimedia.org/wiki/File:Green_grass_texture_(Unsplash).jpg
306;lámina fotográfica;198;El umbral no dice de dónde sopla;Smoke in the sunset (54771829249).jpg;Region 5 Photography;Public domain;https://commons.wikimedia.org/wiki/File:Smoke_in_the_sunset_(54771829249).jpg
308;lámina fotográfica;199;Un solo número para cuatro combustibles;Grass close-up at sunset in Turkey.JPG;Ximeg;CC BY-SA 3.0;https://commons.wikimedia.org/wiki/File:Grass_close-up_at_sunset_in_Turkey.JPG
310;lámina fotográfica;200;La grilla fina no cubre el país;ISS-58 Argentina, Chile and the Andes mountains.jpg;NASA;Public domain;https://commons.wikimedia.org/wiki/File:ISS-58_Argentina,_Chile_and_the_Andes_mountains.jpg
311;fondo duotono;201;fondo de la lámina 201;Sofia Massif and Sofia Glacier, Karachay-Cherkessia, Caucasus Mountains.jpg;Vyacheslav Argenberg;CC BY 4.0;https://commons.wikimedia.org/wiki/File:Sofia_Massif_and_Sofia_Glacier,_Karachay-Cherkessia,_Caucasus_Mountains.jpg
313;lámina fotográfica;202;Hasta aquí sube el humo;Wildfire smoke plume at northern Paraguay.jpg;Coordenação-Geral de Observação da Terra/INPE;CC BY-SA 2.0;https://commons.wikimedia.org/wiki/File:Wildfire_smoke_plume_at_northern_Paraguay.jpg
316;lámina fotográfica;204;"El Haines describia incendios dominados por columna; en un incendio do";Smoke from California wildfires (MODIS 2017-12-12).jpg;Jeff Schmaltz, MODIS Land Rapid Response Team, NASA GSFC;Public domain;https://commons.wikimedia.org/wiki/File:Smoke_from_California_wildfires_(MODIS_2017-12-12).jpg
319;lámina fotográfica;206;Una tarde de lluvia no llega abajo;Spring-showers-valley-rainbow - West Virginia - ForestWander.jpg;ForestWander;CC BY-SA 3.0 us;https://commons.wikimedia.org/wiki/File:Spring-showers-valley-rainbow_-_West_Virginia_-_ForestWander.jpg
322;lámina fotográfica;208;Sin terreno detrás, es solo aritmética;Klatka i stacja meteo.jpg;A. Kardaś;CC BY-SA 4.0;https://commons.wikimedia.org/wiki/File:Klatka_i_stacja_meteo.jpg
324;fondo duotono;210;fondo de la lámina 210;Sydney (AU), Coastal Cliff Walk -- 2019 -- 2333.jpg;Dietmar Rabich;CC BY-SA 4.0;https://commons.wikimedia.org/wiki/File:Sydney_(AU),_Coastal_Cliff_Walk_--_2019_--_2333.jpg
329;lámina fotográfica;214;Sin radar sobre la zona forestal, el reventon solo puede anticiparse c;Virga rain at sunrise 7th Brigade Park Chermside L1140794.jpg;John Robert McPherson;CC BY-SA 4.0;https://commons.wikimedia.org/wiki/File:Virga_rain_at_sunrise_7th_Brigade_Park_Chermside_L1140794.jpg
330;fondo duotono;215;fondo de la lámina 215;Mystic Layers of Agumbe.jpg;Pradyumnakp;CC0;https://commons.wikimedia.org/wiki/File:Mystic_Layers_of_Agumbe.jpg
331;lámina fotográfica;215;El umbral no mira la veleta;Meteo station - panoramio.jpg;alinco_fan;CC BY 3.0;https://commons.wikimedia.org/wiki/File:Meteo_station_-_panoramio.jpg
332;fondo duotono;216;fondo de la lámina 216;Dark storm clouds (15850004423).jpg;bluesbby from Mountain View, USA;CC BY 2.0;https://commons.wikimedia.org/wiki/File:Dark_storm_clouds_(15850004423).jpg
333;lámina fotográfica;216;Apertura del bloque sobre los cambios atmosfericos que han matado pers;Wildfire (14503287131).jpg;Photo by Mike Lewelling, National Park Service;Public domain;https://commons.wikimedia.org/wiki/File:Wildfire_(14503287131).jpg
334;fondo duotono;217;fondo de la lámina 217;Schauer mit Arcus bei Wolferts kurz vor dem Eintreffen II.jpg;GerritR;CC BY-SA 4.0;https://commons.wikimedia.org/wiki/File:Schauer_mit_Arcus_bei_Wolferts_kurz_vor_dem_Eintreffen_II.jpg
338;lámina fotográfica;220;El viento giró y se triplicó;Burning grass kazi.jpg;Joost Naber;CC BY 2.0;https://commons.wikimedia.org/wiki/File:Burning_grass_kazi.jpg
340;lámina fotográfica;221;South Canyon: un frente frio SECO que giro y multiplico el viento dent;A Strong Fall Cold Front and a Late Season Tropical Storm (6330023430).jpg;NASA Goddard Space Flight Center from Greenbelt, MD, USA;Public domain;https://commons.wikimedia.org/wiki/File:A_Strong_Fall_Cold_Front_and_a_Late_Season_Tropical_Storm_(6330023430).jpg
342;lámina fotográfica;222;La celda era visible con antelación;Thunderstorm with lead gust front - NOAA.jpg;Wikimedia Commons;Public domain;https://commons.wikimedia.org/wiki/File:Thunderstorm_with_lead_gust_front_-_NOAA.jpg
344;lámina fotográfica;223;El caso chileno sin análisis publicado;Partially burned forest along trail 223 in the Pecos Wilderness of the Santa Fe National Forest. Hermits Peak is visible in the distance.jpg;Matthew.kowal;CC BY-SA 4.0;https://commons.wikimedia.org/wiki/File:Partially_burned_forest_along_trail_223_in_the_Pecos_Wilderness_of_the_Santa_Fe_National_Forest._Hermits_Peak_is_visible_in_the_distance.jpg
345;fondo duotono;224;fondo de la lámina 224;Point Reyes burned forest.jpg;Smack (talk);Public domain;https://commons.wikimedia.org/wiki/File:Point_Reyes_burned_forest.jpg
346;fondo duotono;225;fondo de la lámina 225;PIA20736 Glowing Gullies in Kaiser Crater Dunes.jpg;NASA/JPL-Caltech/Univ. of Arizona;Public domain;https://commons.wikimedia.org/wiki/File:PIA20736_Glowing_Gullies_in_Kaiser_Crater_Dunes.jpg
349;lámina fotográfica;227;LCES: el observador existe precisamente para ver lo que el analisis me;Oregon Firefighters (53080202866).jpg;Forest Service Photography;Public domain;https://commons.wikimedia.org/wiki/File:Oregon_Firefighters_(53080202866).jpg
351;lámina fotográfica;228;Mismo mecanismo, giro invertido;Southern hemisphere extratropical cyclone.jpg;NASA, MODIS Rapid Response System;Public domain;https://commons.wikimedia.org/wiki/File:Southern_hemisphere_extratropical_cyclone.jpg
352;fondo duotono;229;fondo de la lámina 229;Altocumulus stratiformis undulatus duplicatus, in Ac lenticularis übergehend II.jpg;GerritR;CC BY-SA 4.0;https://commons.wikimedia.org/wiki/File:Altocumulus_stratiformis_undulatus_duplicatus,_in_Ac_lenticularis_%C3%BCbergehend_II.jpg
353;fondo duotono;230;fondo de la lámina 230;Pink sky and tree.jpg;Unknown authorUnknown author;CC0;https://commons.wikimedia.org/wiki/File:Pink_sky_and_tree.jpg
354;lámina fotográfica;230;La información existía antes del accidente;Wildland firefighters and smoke wall (fb28124a-0b15-4a08-b6fa-8ca5fcc62ba6).jpg;NPS Photo;Public domain;https://commons.wikimedia.org/wiki/File:Wildland_firefighters_and_smoke_wall_(fb28124a-0b15-4a08-b6fa-8ca5fcc62ba6).jpg
355;fondo duotono;231;fondo de la lámina 231;Moon over Alpine mountain range Tyrol Austria 2026.JPG;Mike is Michi;CC BY-SA 4.0;https://commons.wikimedia.org/wiki/File:Moon_over_Alpine_mountain_range_Tyrol_Austria_2026.JPG
356;lámina fotográfica;231;Donde termina lo que se puede afirmar;Gigantic jet photographed by Nichole Ayers on the International Space Station.jpg;NASA/Nichole Ayers;Public domain;https://commons.wikimedia.org/wiki/File:Gigantic_jet_photographed_by_Nichole_Ayers_on_the_International_Space_Station.jpg
359;lámina fotográfica;233;El registro que falta ya existe en las regiones: estaciones, bitacoras;Incident Remote Automatic Weather Station (9407).jpg;Flathead Agency/BIA;Public domain;https://commons.wikimedia.org/wiki/File:Incident_Remote_Automatic_Weather_Station_(9407).jpg
360;fondo duotono;234;fondo de la lámina 234;Tree canopy coverd in morning mist Singharaja- Deniyaya.jpg;Dhananjaya Bulathwatte;CC BY-SA 4.0;https://commons.wikimedia.org/wiki/File:Tree_canopy_coverd_in_morning_mist_Singharaja-_Deniyaya.jpg
364;fondo duotono;238;fondo de la lámina 238;Warm embrace of the Andes mountains.jpg;AndesInvierno;CC BY-SA 4.0;https://commons.wikimedia.org/wiki/File:Warm_embrace_of_the_Andes_mountains.jpg
